titolo,formato,custodia,numero film
007 No time to Die,4k,amaray,1
007 Skyfall,Bluray,slip cover,1
48 ore ancora,4k,slipcover,1
Animali Fantastici Trilogia,4k,cofanetto,3
Apollo 13,4k,amaray,1
Arma Letale,4k,Steelbook,1
Avatar,Bluray,slip cover,1
Avatar 2,4k,slipcover,1
Bastardi senza Gloria,Bluray,slip cover,1
Batman v Superman,4k,Steelbook,1
Beverly Hills Cop,4k,slipcover,1
Black Hawk Down,4k,amaray,1
Blade Runner 2049,4k,amaray,1
Bullet Train,4k,Steelbook,1
C'era una volta a Hollywood,Bluray,amaray,1
C'era una volta in America,Bluray,amaray,1
Django Unchained,Bluray,amaray,1
Edge of Tomorrow,Apple tv,digitale,1
F1 the movie,4k,amaray,1
Fast 4,Bluray,amaray,1
Fast 5,Bluray,amaray,1
Fast 6,Bluray,slip cover,1
Fast and furious,4k,Steelbook,1
Fast and Furiuos Tokyo Drift,Bluray,amaray,1
Fight Club,Bluray,amaray,1
Foo Fighters,Bluray,amaray,1
Fuori in 60 secondi,Bluray,Steelbook,1
Furiosa,4k,amaray,1
Gran Turismo,4k,amaray,1
Harry Potter 8 film,4k,Cofanetto,8
Il gladiatore,4k,Steelbook,1
Il grande Lebowski,4k,amaray,1
Il miglio verde,Bluray,amaray,1
Il Padrino Trilogia,4k,Cofanetto,3
Il signore degli Anelli Trilogia,4k,Cofanetto,3
Indiana Jones 4 film Collection,Apple tv,digitale,4
Interstellar,4k,amaray,1
Into the Wild,Bluray,amaray,1
Joker,4k,slip cover,1
Jurassic Park,4k,amaray,1
Jurassic Park 2,4k,amaray,1
Jurassic World Dominion,4k,amaray,1
Justice League Z. Snyder,4k,slip cover,1
L'uomo d'acciaio,Bluray,amaray,1
Last Action Hero,Apple tv,digitale,1
Lo hobbit Trilogia,4k,cofanetto,3
Mad Max Fury Road,4k,amaray,1
Mission Impossible 1,4k,Steelbook,1
Mission Impossible 4,4k,Steelbook,1
Mission Impossible 5,4k,Steelbook,1
Mission Impossible 6,4k,Steelbook,1
Mission Impossible 7,4k,Steelbook,1
Mission Impossible 8,Bluray,amaray,1
Pirati dei Caraibi 5 film,Bluray,Cofanetto,5
Salvate il Soldato Ryan,4k,amaray,1
Shazam 1-2,4k ,Cofanetto,2
Sonic,4k,amaray,1
Spiderman 6 Film Collection,Bluray,cofanetto,6
Star Wars I-VI,Bluray,Cofanetto,6
Star Wars VII-IX,4k,Cofanetto,3
Suicide  Squad,4k,amaray,1
Terminator,Apple tv,digitale,1
Terminator 2,Bluray,slip cover,1
The Batman,4k,Steelbook,1
The Hateful eight,Bluray,slip cover,1
Thor Love and Thunder,4k,steelbook,1
Top Gun Collection,4k,Cofanetto,2
Trilogia Cavaliere Oscuro,4k,Cofanetto,3
Trilogia Ritorno al Futuro,4k,Cofanetto,3
Twisters,4k,amaray,1
V for Vendetta,4k,steelbook,1
Wonder Woman,4k ,slip cover,1
Wonka,4k,amaray,1
Spiderman Trilogia Raimi,4k,cofanetto,3
indiana jones 4 movie collection,4k,cofanetto,4
indiana jones il quadrante del destino,4k,amaray,1
star wars rogue one,4k,amaray,1
i fantastici 4 - 2025,4k,amaray,1
baby driver,4k,amaray,1
